category,0
Diagnostics,0.2686599553777584
Rehydration,0.1977839689561761
Antipyretic,0.09613006900281755
Paediatric,0.0710184109930345
Antihistamine,0.05465459549192687
Supplement,0.03628616552181914
Antibiotic,0.03286817312963956
Gastrointestinal,0.0250114055507494
Cardiovascular,0.009260548514991062
Diabetes,-0.00849778419739951
Respiratory,-0.02437433536680167
