category,0
Antibiotic,0.08233886433353896
Respiratory,0.05342137530089473
Antipyretic,0.03365482166166492
Paediatric,0.030386278483147056
Antihistamine,0.027274465381330184
Supplement,0.025296969622398136
Gastrointestinal,0.016586844455819424
Diabetes,0.009449567405098058
Rehydration,-0.019232560701346522
Cardiovascular,-0.021194537812793728
Diagnostics,-0.08832483420298813
